{
    "fgsm": {
        "0.005": {
            "consistency": {
                "Accuracy": 0.48833333333333334,
                "F1_Score": 0.4882636803342677,
                "Recall": 0.4885624005607539,
                "Precision": 0.48857574679943105,
                "AUC": 0.5584730582227218
            },
            "patchzero": {
                "Accuracy": 0.5866666666666667,
                "F1_Score": 0.5711864992910745,
                "Recall": 0.5804804236807263,
                "Precision": 0.5911123427088714,
                "AUC": 0.6431758252762048
            },
            "resnet": {
                "Accuracy": 1.0,
                "F1_Score": 1.0,
                "Recall": 1.0,
                "Precision": 1.0,
                "AUC": 1.0
            }
        },
        "0.01": {
            "consistency": {
                "Accuracy": 0.5783333333333334,
                "F1_Score": 0.576355147229145,
                "Recall": 0.5816208458038029,
                "Precision": 0.5840359237536656,
                "AUC": 0.674540215178184
            },
            "patchzero": {
                "Accuracy": 0.5316666666666666,
                "F1_Score": 0.5250155651779501,
                "Recall": 0.5280376951234438,
                "Precision": 0.5291666666666667,
                "AUC": 0.47548926890597354
            },
            "resnet": {
                "Accuracy": 0.4816666666666667,
                "F1_Score": 0.3250843644544432,
                "Recall": 0.5,
                "Precision": 0.24083333333333334,
                "AUC": 0.5
            }
        },
        "0.02": {
            "consistency": {
                "Accuracy": 0.49666666666666665,
                "F1_Score": 0.4804509639756397,
                "Recall": 0.5038218048709933,
                "Precision": 0.5045013169792035,
                "AUC": 0.539981530724641
            },
            "patchzero": {
                "Accuracy": 0.6116666666666667,
                "F1_Score": 0.588967390824976,
                "Recall": 0.6038618587211696,
                "Precision": 0.6277017783857729,
                "AUC": 0.5978482181599707
            },
            "resnet": {
                "Accuracy": 1.0,
                "F1_Score": 1.0,
                "Recall": 1.0,
                "Precision": 1.0,
                "AUC": 1.0
            }
        }
    },
    "cw": {
        "1.5": {
            "consistency": {
                "Accuracy": 0.6166666666666667,
                "F1_Score": 0.6104160079497719,
                "Recall": 0.6221475539336219,
                "Precision": 0.6331841176256505,
                "AUC": 0.6957353775631683
            },
            "patchzero": {
                "Accuracy": 0.20166666666666666,
                "F1_Score": 0.1963064773671067,
                "Recall": 0.1989396855772761,
                "Precision": 0.1944419350467501,
                "AUC": 0.09953381768822529
            },
            "resnet": {
                "Accuracy": 0.7333333333333333,
                "F1_Score": 0.7184387428289867,
                "Recall": 0.7427652733118971,
                "Precision": 0.8218262806236081,
                "AUC": 0.9968735744723463
            }
        },
        "3.0": {
            "consistency": {
                "Accuracy": 0.5583333333333333,
                "F1_Score": 0.5509375238299663,
                "Recall": 0.563796882475328,
                "Precision": 0.5697092005446411,
                "AUC": 0.5896538679780593
            },
            "patchzero": {
                "Accuracy": 0.49166666666666664,
                "F1_Score": 0.4522253718431868,
                "Recall": 0.48247644054784766,
                "Precision": 0.4766666666666667,
                "AUC": 0.45537333526185203
            },
            "resnet": {
                "Accuracy": 0.9233333333333333,
                "F1_Score": 0.9232301204953326,
                "Recall": 0.9232301204953326,
                "Precision": 0.9232301204953326,
                "AUC": 0.9612478999543831
            }
        },
        "6.0": {
            "consistency": {
                "Accuracy": 0.5016666666666667,
                "F1_Score": 0.4974437985853351,
                "Recall": 0.5057076736501296,
                "Precision": 0.5059899117276166,
                "AUC": 0.5531381079006219
            },
            "patchzero": {
                "Accuracy": 0.30666666666666664,
                "F1_Score": 0.23975681964936219,
                "Recall": 0.2961870959846015,
                "Precision": 0.20506834538165541,
                "AUC": 0.23064342059880508
            },
            "resnet": {
                "Accuracy": 0.9883333333333333,
                "F1_Score": 0.9883060148847724,
                "Recall": 0.9878892733564013,
                "Precision": 0.9889937106918238,
                "AUC": 0.9879727188776021
            }
        }
    },
    "pgd": {
        "0.005": {
            "consistency": {
                "Accuracy": 0.47833333333333333,
                "F1_Score": 0.44691666347617887,
                "Recall": 0.48772794534874664,
                "Precision": 0.4833594834349164,
                "AUC": 0.48599784154251824
            },
            "patchzero": {
                "Accuracy": 0.475,
                "F1_Score": 0.4470046082949308,
                "Recall": 0.4673783642452631,
                "Precision": 0.4607096912521441,
                "AUC": 0.5078160638191347
            },
            "resnet": {
                "Accuracy": 1.0,
                "F1_Score": 1.0,
                "Recall": 1.0,
                "Precision": 1.0,
                "AUC": 1.0
            }
        },
        "0.01": {
            "consistency": {
                "Accuracy": 0.535,
                "F1_Score": 0.5345332402770555,
                "Recall": 0.5368829203707206,
                "Precision": 0.5372053872053872,
                "AUC": 0.5928081086794468
            },
            "patchzero": {
                "Accuracy": 0.43,
                "F1_Score": 0.3941254975139068,
                "Recall": 0.4216446555925188,
                "Precision": 0.40188087774294673,
                "AUC": 0.36892933833264724
            },
            "resnet": {
                "Accuracy": 1.0,
                "F1_Score": 1.0,
                "Recall": 1.0,
                "Precision": 1.0,
                "AUC": 1.0
            }
        },
        "0.02": {
            "consistency": {
                "Accuracy": 0.565,
                "F1_Score": 0.5645633538075681,
                "Recall": 0.5669233080029819,
                "Precision": 0.5675084175084175,
                "AUC": 0.6340635743610854
            },
            "patchzero": {
                "Accuracy": 0.3566666666666667,
                "F1_Score": 0.2668566001899335,
                "Recall": 0.34429622047419306,
                "Precision": 0.2223258397984087,
                "AUC": 0.14830494331267594
            },
            "resnet": {
                "Accuracy": 0.985,
                "F1_Score": 0.9849598511582307,
                "Recall": 0.9844290657439446,
                "Precision": 0.9859375,
                "AUC": 1.0
            }
        }
    }
}