{
    "resnet50": {
        "cw": {
            "1.5": {
                "Accuracy": 0.0,
                "F1_Score": 0.0,
                "Recall": 0.0,
                "Precision": 0.0,
                "AUC": 0.0
            },
            "3.0": {
                "Accuracy": 0.0,
                "F1_Score": 0.0,
                "Recall": 0.0,
                "Precision": 0.0,
                "AUC": 0.0
            },
            "6.0": {
                "Accuracy": 0.0,
                "F1_Score": 0.0,
                "Recall": 0.0,
                "Precision": 0.0,
                "AUC": 0.0
            }
        },
        "fgsm": {
            "0.005": {
                "Accuracy": 0.04466666666666667,
                "F1_Score": 0.04451336414420269,
                "Recall": 0.05499999999999999,
                "Precision": 0.04604714172918295,
                "AUC": 0.018138
            },
            "0.01": {
                "Accuracy": 0.016666666666666666,
                "F1_Score": 0.01659280185933966,
                "Recall": 0.022,
                "Precision": 0.01553824916739471,
                "AUC": 0.001988000000000001
            },
            "0.02": {
                "Accuracy": 0.005333333333333333,
                "F1_Score": 0.005317418412027926,
                "Recall": 0.0075,
                "Precision": 0.004491270997496801,
                "AUC": 7.400000000000006e-05
            }
        },
        "pgd": {
            "0.005": {
                "Accuracy": 0.037333333333333336,
                "F1_Score": 0.037126208482180165,
                "Recall": 0.0475,
                "Precision": 0.03686266161190217,
                "AUC": 0.009664
            },
            "0.01": {
                "Accuracy": 0.0026666666666666666,
                "F1_Score": 0.0026595744680851063,
                "Recall": 0.004,
                "Precision": 0.00199203187250996,
                "AUC": 0.0
            },
            "0.02": {
                "Accuracy": 0.0,
                "F1_Score": 0.0,
                "Recall": 0.0,
                "Precision": 0.0,
                "AUC": 0.0
            }
        },
        "plane": {
            "Accuracy": 0.6553333333333333,
            "F1_Score": 0.6394322976601459,
            "Recall": 0.6585000000000001,
            "Precision": 0.6419551296404102,
            "AUC": 0.710778
        }
    },
    "swin_tiny": {
        "cw": {
            "1.5": {
                "Accuracy": 0.0,
                "F1_Score": 0.0,
                "Recall": 0.0,
                "Precision": 0.0,
                "AUC": 0.0
            },
            "3.0": {
                "Accuracy": 0.0,
                "F1_Score": 0.0,
                "Recall": 0.0,
                "Precision": 0.0,
                "AUC": 0.0
            },
            "6.0": {
                "Accuracy": 0.0,
                "F1_Score": 0.0,
                "Recall": 0.0,
                "Precision": 0.0,
                "AUC": 0.0
            }
        },
        "fgsm": {
            "0.005": {
                "Accuracy": 0.16533333333333333,
                "F1_Score": 0.16048429059581476,
                "Recall": 0.1575,
                "Precision": 0.18520452055499592,
                "AUC": 0.075212
            },
            "0.01": {
                "Accuracy": 0.084,
                "F1_Score": 0.08272151763524628,
                "Recall": 0.0805,
                "Precision": 0.10037266796732106,
                "AUC": 0.019554000000000002
            },
            "0.02": {
                "Accuracy": 0.04133333333333333,
                "F1_Score": 0.04094971321862078,
                "Recall": 0.039,
                "Precision": 0.051643649095506707,
                "AUC": 0.0053900000000000016
            }
        },
        "pgd": {
            "0.005": {
                "Accuracy": 0.08866666666666667,
                "F1_Score": 0.08817022601193983,
                "Recall": 0.091,
                "Precision": 0.10389327393346569,
                "AUC": 0.031628
            },
            "0.01": {
                "Accuracy": 0.002,
                "F1_Score": 0.0019995564442473086,
                "Recall": 0.0025,
                "Precision": 0.002001005007017031,
                "AUC": 3.600000000000003e-05
            },
            "0.02": {
                "Accuracy": 0.0,
                "F1_Score": 0.0,
                "Recall": 0.0,
                "Precision": 0.0,
                "AUC": 0.0
            }
        },
        "plane": {
            "Accuracy": 0.6506666666666666,
            "F1_Score": 0.626709726443769,
            "Recall": 0.637,
            "Precision": 0.6255498533724341,
            "AUC": 0.698439
        }
    },
    "densenet121": {
        "cw": {
            "1.5": {
                "Accuracy": 0.0,
                "F1_Score": 0.0,
                "Recall": 0.0,
                "Precision": 0.0,
                "AUC": 0.0
            },
            "3.0": {
                "Accuracy": 0.0,
                "F1_Score": 0.0,
                "Recall": 0.0,
                "Precision": 0.0,
                "AUC": 0.0
            },
            "6.0": {
                "Accuracy": 0.0,
                "F1_Score": 0.0,
                "Recall": 0.0,
                "Precision": 0.0,
                "AUC": 0.0
            }
        },
        "fgsm": {
            "0.005": {
                "Accuracy": 0.056666666666666664,
                "F1_Score": 0.05636092760721141,
                "Recall": 0.07050000000000001,
                "Precision": 0.05791926648564859,
                "AUC": 0.018352000000000004
            },
            "0.01": {
                "Accuracy": 0.024666666666666667,
                "F1_Score": 0.02435055624689066,
                "Recall": 0.0345,
                "Precision": 0.0208647696136657,
                "AUC": 0.0031300000000000013
            },
            "0.02": {
                "Accuracy": 0.016666666666666666,
                "F1_Score": 0.01639344262295082,
                "Recall": 0.025,
                "Precision": 0.012195121951219513,
                "AUC": 0.00016400000000000014
            }
        },
        "pgd": {
            "0.005": {
                "Accuracy": 0.042,
                "F1_Score": 0.04153610347408145,
                "Recall": 0.0555,
                "Precision": 0.03929325823830717,
                "AUC": 0.007892000000000001
            },
            "0.01": {
                "Accuracy": 0.0,
                "F1_Score": 0.0,
                "Recall": 0.0,
                "Precision": 0.0,
                "AUC": 0.0
            },
            "0.02": {
                "Accuracy": 0.0,
                "F1_Score": 0.0,
                "Recall": 0.0,
                "Precision": 0.0,
                "AUC": 0.0
            }
        },
        "plane": {
            "Accuracy": 0.624,
            "F1_Score": 0.6121678442216676,
            "Recall": 0.6365000000000001,
            "Precision": 0.6213644026204042,
            "AUC": 0.707356
        }
    },
    "efficientnet_b0": {
        "cw": {
            "1.5": {
                "Accuracy": 0.004,
                "F1_Score": 0.00398406374501992,
                "Recall": 0.003,
                "Precision": 0.005928853754940711,
                "AUC": 0.005886000000000005
            },
            "3.0": {
                "Accuracy": 0.0013333333333333333,
                "F1_Score": 0.0013315579227696406,
                "Recall": 0.001,
                "Precision": 0.00199203187250996,
                "AUC": 0.0019600000000000017
            },
            "6.0": {
                "Accuracy": 0.0026666666666666666,
                "F1_Score": 0.0026595744680851063,
                "Recall": 0.002,
                "Precision": 0.003968253968253968,
                "AUC": 0.003936000000000004
            }
        },