{
    "fgsm": {
        "0.005": {
            "Accuracy": 1.0,
            "F1_Score": 1.0,
            "Recall": 1.0,
            "Precision": 1.0,
            "AUC": 1.0
        },
        "0.01": {
            "Accuracy": 1.0,
            "F1_Score": 1.0,
            "Recall": 1.0,
            "Precision": 1.0,
            "AUC": 1.0
        },
        "0.02": {
            "Accuracy": 0.9166666666666666,
            "F1_Score": 0.9154491341991342,
            "Recall": 0.9134948096885813,
            "Precision": 0.9307479224376731,
            "AUC": 0.9641740562311554
        }
    },
    "cw": {
        "0.005": {
            "Accuracy": 0.9033333333333333,
            "F1_Score": 0.9030910609857978,
            "Recall": 0.9063852512822794,
            "Precision": 0.9135633329181716,
            "AUC": 0.9884678289700597
        },
        "0.01": {
            "Accuracy": 0.9133333333333333,
            "F1_Score": 0.9119946745495369,
            "Recall": 0.9100346020761245,
            "Precision": 0.9283746556473829,
            "AUC": 0.9851466972262709
        },
        "0.02": {
            "Accuracy": 0.9933333333333333,
            "F1_Score": 0.993324358303942,
            "Recall": 0.993324358303942,
            "Precision": 0.993324358303942,
            "AUC": 0.998753880216736
        }
    },
    "pgd": {
        "0.005": {
            "Accuracy": 0.56,
            "F1_Score": 0.48574100046750823,
            "Recall": 0.5468018113241135,
            "Precision": 0.5980284775465499,
            "AUC": 0.627454689081988
        },
        "0.01": {
            "Accuracy": 1.0,
            "F1_Score": 1.0,
            "Recall": 1.0,
            "Precision": 1.0,
            "AUC": 1.0
        },
        "0.02": {
            "Accuracy": 1.0,
            "F1_Score": 1.0,
            "Recall": 1.0,
            "Precision": 1.0,
            "AUC": 1.0
        }
    }
}